{"cameraMode":{"drawMode":0,"name":"Shaded","section":"Shading Mode"},"sceneLighting":true,"audioPlay":false,"sceneViewState":{"showFog":true,"showMaterialUpdate":false,"showSkybox":true,"showFlares":true,"showImageEffects":true,"showParticleSystems":true},"in2DMode":false,"pivot":{"x":0.8543767929077148,"y":14.146800994873047,"z":-11.839838981628418},"rotation":{"x":-0.42479434609413149,"y":0.2564690113067627,"z":-0.12683986127376557,"w":-0.8588861227035523},"size":16.927366256713868,"orthographic":false}