{"cameraMode":{"drawMode":0,"name":"Shaded","section":"Shading Mode"},"sceneLighting":false,"audioPlay":false,"sceneViewState":{"showFog":true,"showMaterialUpdate":false,"showSkybox":false,"showFlares":true,"showImageEffects":true,"showParticleSystems":true},"in2DMode":false,"pivot":{"x":14.729999542236329,"y":4.369999885559082,"z":-11.239999771118164},"rotation":{"x":-0.07368985563516617,"y":0.912333071231842,"z":-0.18903608620166779,"w":-0.3556448817253113},"size":4.5956501960754398,"orthographic":false}