{"cameraMode":{"drawMode":0,"name":"Shaded","section":"Shading Mode"},"sceneLighting":true,"audioPlay":false,"sceneViewState":{"showFog":true,"showMaterialUpdate":false,"showSkybox":true,"showFlares":true,"showImageEffects":true,"showParticleSystems":true},"in2DMode":false,"pivot":{"x":17.41484260559082,"y":19.856380462646486,"z":-8.879560470581055},"rotation":{"x":-0.3024602234363556,"y":0.657831072807312,"z":-0.327824205160141,"w":-0.6069639921188355},"size":14.422048568725586,"orthographic":false}