{"cameraMode":{"drawMode":0,"name":"Shaded","section":"Shading Mode"},"sceneLighting":true,"audioPlay":false,"sceneViewState":{"showFog":true,"showMaterialUpdate":false,"showSkybox":true,"showFlares":true,"showImageEffects":true,"showParticleSystems":true},"in2DMode":false,"pivot":{"x":14.729999542236329,"y":7.394000053405762,"z":-10.260000228881836},"rotation":{"x":-0.1931847631931305,"y":0.741866409778595,"z":-0.24076032638549806,"w":-0.5952687859535217},"size":12.12435531616211,"orthographic":false}