{"cameraMode":{"drawMode":0,"name":"Shaded","section":"Shading Mode"},"sceneLighting":false,"audioPlay":false,"sceneViewState":{"showFog":true,"showMaterialUpdate":false,"showSkybox":false,"showFlares":true,"showImageEffects":true,"showParticleSystems":true},"in2DMode":false,"pivot":{"x":9.630000114440918,"y":9.819999694824219,"z":-6.21999979019165},"rotation":{"x":-0.07368985563516617,"y":0.912333071231842,"z":-0.18903608620166779,"w":-0.3556448817253113},"size":1.3472198247909547,"orthographic":false}