{"cameraMode":{"drawMode":0,"name":"Shaded","section":"Shading Mode"},"sceneLighting":true,"audioPlay":false,"sceneViewState":{"showFog":true,"showMaterialUpdate":false,"showSkybox":true,"showFlares":true,"showImageEffects":true,"showParticleSystems":true},"in2DMode":false,"pivot":{"x":12.776874542236329,"y":8.722597122192383,"z":-22.67097282409668},"rotation":{"x":0.27957916259765627,"y":0.2192978411912918,"z":-0.06575583666563034,"w":0.9324302673339844},"size":4.898979187011719,"orthographic":false}