{"cameraMode":{"drawMode":0,"name":"Shaded","section":"Shading Mode"},"sceneLighting":true,"audioPlay":false,"sceneViewState":{"showFog":true,"showMaterialUpdate":false,"showSkybox":true,"showFlares":true,"showImageEffects":true,"showParticleSystems":true},"in2DMode":false,"pivot":{"x":3.392392873764038,"y":36.57536315917969,"z":-19.649808883666993},"rotation":{"x":-0.4922519326210022,"y":0.01879817619919777,"z":-0.010633629746735096,"w":-0.870180070400238},"size":7.874007701873779,"orthographic":false}