{"cameraMode":{"drawMode":0,"name":"Shaded","section":"Shading Mode"},"sceneLighting":true,"audioPlay":false,"sceneViewState":{"showFog":true,"showMaterialUpdate":false,"showSkybox":true,"showFlares":true,"showImageEffects":true,"showParticleSystems":true},"in2DMode":false,"pivot":{"x":15.970876693725586,"y":5.463506698608398,"z":-1.9957489967346192},"rotation":{"x":0.14609378576278687,"y":-0.6457531452178955,"z":0.12775152921676637,"w":0.7384884357452393},"size":4.5956501960754398,"orthographic":false}