{"cameraMode":{"drawMode":0,"name":"Shaded","section":"Shading Mode"},"sceneLighting":true,"audioPlay":false,"sceneViewState":{"showFog":true,"showMaterialUpdate":false,"showSkybox":true,"showFlares":true,"showImageEffects":true,"showParticleSystems":true},"in2DMode":false,"pivot":{"x":10.607182502746582,"y":7.304441452026367,"z":-5.823700904846191},"rotation":{"x":0.13630996644496919,"y":-0.032691989094018939,"z":0.004503030329942703,"w":0.9901296496391296},"size":7.644649505615234,"orthographic":false}