{"cameraMode":{"drawMode":0,"name":"Shaded","section":"Shading Mode"},"sceneLighting":true,"audioPlay":false,"sceneViewState":{"showFog":true,"showMaterialUpdate":false,"showSkybox":true,"showFlares":true,"showImageEffects":true,"showParticleSystems":true},"in2DMode":false,"pivot":{"x":14.729999542236329,"y":4.369999885559082,"z":-6.319999694824219},"rotation":{"x":0.02164439670741558,"y":-0.6997631192207336,"z":0.02121010795235634,"w":0.7137433290481567},"size":4.898979187011719,"orthographic":false}