{"cameraMode":{"drawMode":0,"name":"Shaded","section":"Shading Mode"},"sceneLighting":true,"audioPlay":false,"sceneViewState":{"showFog":true,"showMaterialUpdate":false,"showSkybox":true,"showFlares":true,"showImageEffects":true,"showParticleSystems":true},"in2DMode":false,"pivot":{"x":-3.4378702640533449,"y":5.114415645599365,"z":-4.618766784667969},"rotation":{"x":-0.22526611387729646,"y":0.1446395367383957,"z":-0.033842094242572787,"w":-0.9629167318344116},"size":4.507944583892822,"orthographic":false}