{"cameraMode":{"drawMode":0,"name":"Shaded","section":"Shading Mode"},"sceneLighting":true,"audioPlay":false,"sceneViewState":{"showFog":true,"showMaterialUpdate":false,"showSkybox":true,"showFlares":true,"showImageEffects":true,"showParticleSystems":true},"in2DMode":false,"pivot":{"x":-6.873836517333984,"y":7.896750450134277,"z":-7.214363098144531},"rotation":{"x":-0.2480894923210144,"y":-0.3310888409614563,"z":0.09067074954509735,"w":-0.905884325504303},"size":13.10653305053711,"orthographic":false}