{"cameraMode":{"drawMode":0,"name":"Shaded","section":"Shading Mode"},"sceneLighting":false,"audioPlay":false,"sceneViewState":{"showFog":true,"showMaterialUpdate":false,"showSkybox":false,"showFlares":true,"showImageEffects":true,"showParticleSystems":true},"in2DMode":false,"pivot":{"x":9.01096248626709,"y":9.908483505249024,"z":-8.36152172088623},"rotation":{"x":0.024179033935070039,"y":0.9926513433456421,"z":-0.08010087162256241,"w":-0.08744938671588898},"size":1.9915721416473389,"orthographic":false}