{"cameraMode":{"drawMode":0,"name":"Shaded","section":"Shading Mode"},"sceneLighting":true,"audioPlay":false,"sceneViewState":{"showFog":true,"showMaterialUpdate":false,"showSkybox":true,"showFlares":true,"showImageEffects":true,"showParticleSystems":true},"in2DMode":false,"pivot":{"x":35.4560432434082,"y":11.14763355255127,"z":-16.242713928222658},"rotation":{"x":-0.49462100863456728,"y":-0.03336373716592789,"z":0.01900327578186989,"w":-0.8682790994644165},"size":4.9749369621276859,"orthographic":false}