{"cameraMode":{"drawMode":0,"name":"Shaded","section":"Shading Mode"},"sceneLighting":true,"audioPlay":false,"sceneViewState":{"showFog":true,"showMaterialUpdate":false,"showSkybox":true,"showFlares":true,"showImageEffects":true,"showParticleSystems":true},"in2DMode":false,"pivot":{"x":-9.219234466552735,"y":7.731464385986328,"z":40.99040985107422},"rotation":{"x":-0.36162522435188296,"y":-0.5619006752967835,"z":0.2451278567314148,"w":-0.7024396061897278},"size":39.76951217651367,"orthographic":false}